谐谢邪谐芯谢,褔邪褋褌芯褌邪
|styti,140
biti,18
锌谢邪薪械褌eti,15
懈ati,9
s><sti,7
_prezati,7
褔胁褉褋褌eti,6
写芯褕谢芯eti,5
s><s>ati,5
锌芯褬邪褋eti,4
胁邪卸薪褍eti,4
<prezati,3
芯褋褌邪胁懈谢iti,3
</,3
蟹械屑褭械eti,3
邪褋褌械褉芯懈写ti,3
{|styti,3
>charlottesviti,3
褋褍泻芯斜eti,3
褋谢邪斜芯eti,3
<osobati,2
褋胁芯褬械eti,2
褋ati,2
薪邪锌褍褕褌eti,2
锌褉芯写褉eti,2
谐邪褋邪e膰i,2
褋芯斜芯屑eti,2
锌芯褌懈褔eti,2
褍谢芯谐褍eti,2
谢械褣邪e膰i,2
卸懈胁械谢eti,2
!scopiti,2
械锌褋泻械eti,2
sati,1
<s>eti,1
}-,1
褋屑械褕褌邪褬iti,1
ali膰i,1
<htmti,1
芯褌胁邪褉eti,1
<s><iti,1
imeti,1
ime_iti,1
umrlati,1
谢懈褔械e膰i,1
<s>little,1
写芯褕谢械eti,1
薪邪褕谢邪eti,1
蟹懈写邪谢eti,1
芯褌胁邪褉邪褮iti,1
锌褉懈泻褭褍褔懈ti,1
屑械写邪褭eti,1
褋屑械褕褌械薪iti,1
definitivati,1
蟹邪锌芯褔薪eti,1
s><s>diti,1
懈屑邪谢懈eti,1
邪褉邪锌懈eti,1
械谢械屑械薪褌iti,1
芯褉斜懈褌eti,1
屑邪褋械e膰i,1
褍胁谢邪褔懈谢iti,1
懈蟹谐褉邪写褮i,1
锌褉械褉邪褋褌iti,1
<s>{|styti,1
芯褋褌邪胁eti,1
懈蟹斜芯褉eti,1
锌褉械褋褍写薪iti,1
写褉卸邪褮eti,1
写芯胁械谢eti,1
屑芯褌懈胁eti,1
芯褋薪懈胁邪褬iti,1
<s>u,1
nastati,1
mo膰i,1
ubrojiti,1
懈蟹胁芯写懈谢iti,1
褑褉锌械e膰i,1
谐邪褬懈谢eti,1
薪邪谢邪蟹eti,1
postavljati,1
jenjavati,1
pro拧irivati,1
锌褉褋褌械eti,1
褍褌懈褑邪谢eti,1
锌邪写邪褬eti,1
蟹邪锌芯褔械谢iti,1
baliti,1
balliti,1
褬邪胁褭邪谢eti,1
懈蟹邪蟹胁邪谢iti,1
锌褉芯褋褌芯褉iti,1
泻褉写邪e膰i,1
dominiti,1
left,1
锌褉芯写褉谢eti,1
ridicuti,1
薪邪锌褉械褌泻iti,1
谐褍褕械褮eti,1
褌邪泻屑懈褔懈谢ti,1
褉械邪谐褍褬eti,1
